WO_ASSET,BREAK_TYPE,RESULT,SOURCE,RMINFO,WO_DATEINC,RECORD_DATE
WM02656-C,CIRCUMFERENCE BREAK,Resolved,RECORD,1,20020912,20221114
WM04742-P,CONTRACTOR HIT,Resolved,RECORD,1,20210618,20221114
WM00040-C,CIRCUMFERENCE BREAK,Resolved,WORKORDER,0,20130610,20221114
WM12614-C,"PINHOLE >1""",Resolved,WORKORDER,0,20080521,20221114
WM04879-A,CIRCUMFERENCE BREAK,Resolved,RECORD,1,20150425,20221114
WM03476-C,,Resolved,WORKORDER,0,20170608,20221114
WM10877-C,JOINT FAILURE,Resolved,WORKORDER,0,20171025,20221114
WM08758-A,"PINHOLE >1""",Resolved,RECORD,1,20191013,20221114
WM08812-C,CIRCUMFERENCE BREAK,Resolved,RECORD,1,20040718,20221114
WM11883-D,CIRCUMFERENCE BREAK,Resolved,RECORD,1,20010625,20221114
WM08160-C,JOINT FAILURE,Resolved,WORKORDER,0,20170501,20221114
WM01281-C,"PINHOLE >1""",Resolved,WORKORDER,0,20170528,20221114
WM08964-C,"PINHOLE <=1""",Resolved,RECORD,1,20060527,20221114
WM01461-P,,Resolved,WORKORDER,0,20060919,20221114
WM08737-C,CIRCUMFERENCE BREAK,Resolved,RECORD,1,,20221114
WM06392-C,JOINT FAILURE,Resolved,WORKORDER,0,20070210,20221114
WM04805-C,"PINHOLE <=1""",Resolved,WORKORDER,0,,20221114
WM02393-A,CIRCUMFERENCE BREAK,Resolved,WORKORDER,0,20020825,20221114
WM04656-A,CONTRACTOR HIT,Resolved,RECORD,1,20171205,20221114
WM08946-C,CIRCUMFERENCE BREAK,Resolved,RECORD,1,20190123,20221114
WM14555-A,CIRCUMFERENCE BREAK,Resolved,WORKORDER,0,20070915,20221114
WM03583-C,CIRCUMFERENCE BREAK,Resolved,WORKORDER,0,20081001,20221114
WM06123-A,CONTRACTOR HIT,Resolved,RECORD,1,20031119,20221114
WM04815-C,CONTRACTOR HIT,Resolved,RECORD,1,,20221114
WM00269-A,"PINHOLE <=1""",Resolved,WORKORDER,0,20050723,20221114
WM07408-C,"PINHOLE >1""",Resolved,RECORD,1,20100504,20221114
WM10684-C,CIRCUMFERENCE BREAK,Resolved,WORKORDER,0,,20221114
WM01881-A,CIRCUMFERENCE BREAK,Resolved,WORKORDER,0,20160212,20221114
WM00751-C,CIRCUMFERENCE BREAK,Resolved,WORKORDER,0,,20221114
WM14333-L,CIRCUMFERENCE BREAK,Resolved,WORKORDER,0,20160114,20221114
WM01013-A,"PINHOLE <=1""",Resolved,WORKORDER,0,20140626,20221114
WM01434-D,CIRCUMFERENCE BREAK,Resolved,WORKORDER,0,20051017,20221114
WM02156-C,CIRCUMFERENCE BREAK,Resolved,RECORD,1,20090326,20221114
WM08538-A,"PINHOLE >1""",Resolved,WORKORDER,0,20190406,20221114
WM09539-A,JOINT FAILURE,Resolved,WORKORDER,0,20150408,20221114
WM10377-C,"PINHOLE >1""",Resolved,WORKORDER,0,20050409,20221114
WM06647-C,JOINT FAILURE,Resolved,WORKORDER,0,20121206,20221114
WM07545-C,CIRCUMFERENCE BREAK,Resolved,WORKORDER,0,20011013,20221114
WM03658-C,CIRCUMFERENCE BREAK,Resolved,WORKORDER,0,20160101,20221114
WM06544-A,CIRCUMFERENCE BREAK,Resolved,WORKORDER,0,20060713,20221114
WM00691-C,CIRCUMFERENCE BREAK,Resolved,WORKORDER,0,20180926,20221114
WM11511-A,CIRCUMFERENCE BREAK,Resolved,WORKORDER,0,20140208,20221114
WM02327-A,CIRCUMFERENCE BREAK,Resolved,WORKORDER,0,20170511,20221114
WM11501-A,"PINHOLE <=1""",Resolved,RECORD,1,20160405,20221114
WM09689-C,CONTRACTOR HIT,Resolved,RECORD,1,20140713,20221114
WM05500-C,CONTRACTOR HIT,Resolved,WORKORDER,0,20171009,20221114
WM06398-A,"PINHOLE >1""",Resolved,RECORD,1,20050222,20221114
WM13798-C,CIRCUMFERENCE BREAK,Resolved,RECORD,1,20010525,20221114
WM07847-S,CIRCUMFERENCE BREAK,Resolved,WORKORDER,0,,20221114
WM02477-C,"PINHOLE >1""",Resolved,WORKORDER,0,20131009,20221114
WM02577-A,CIRCUMFERENCE BREAK,Resolved,WORKORDER,0,20020723,20221114
WM06540-A,CIRCUMFERENCE BREAK,Resolved,WORKORDER,0,,20221114
WM00685-A,"PINHOLE <=1""",Resolved,WORKORDER,0,20040927,20221114
WM14626-A,CIRCUMFERENCE BREAK,Resolved,WORKORDER,0,20081105,20221114
WM01536-L,CIRCUMFERENCE BREAK,Resolved,WORKORDER,0,20070328,20221114
WM05094-C,"PINHOLE <=1""",Resolved,WORKORDER,0,20020710,20221114
WM11138-S,CIRCUMFERENCE BREAK,Resolved,WORKORDER,0,,20221114
WM00070-A,CONTRACTOR HIT,Resolved,WORKORDER,0,20120217,20221114
WM00545-C,CIRCUMFERENCE BREAK,Resolved,WORKORDER,0,20110412,20221114
WM09050-A,CIRCUMFERENCE BREAK,Resolved,RECORD,1,20211111,20221114
WM00744-A,"PINHOLE >1""",Resolved,WORKORDER,0,20170610,20221114
WM10291-P,,Resolved,WORKORDER,0,20160313,20221114
WM02804-D,CIRCUMFERENCE BREAK,Resolved,RECORD,1,20011220,20221114
WM04990-C,"PINHOLE <=1""",Resolved,WORKORDER,0,20020803,20221114
WM03843-C,"PINHOLE <=1""",Resolved,WORKORDER,0,,20221114
WM06867-C,CIRCUMFERENCE BREAK,Resolved,WORKORDER,0,20150714,20221114
WM11161-C,CIRCUMFERENCE BREAK,Resolved,WORKORDER,0,20090210,20221114
WM05369-A,CIRCUMFERENCE BREAK,Resolved,RECORD,1,20141005,20221114
WM09994-A,CIRCUMFERENCE BREAK,Resolved,WORKORDER,0,20211203,20221114
WM12065-A,CIRCUMFERENCE BREAK,Resolved,RECORD,1,20141012,20221114
WM00118-A,CIRCUMFERENCE BREAK,Resolved,WORKORDER,0,20051128,20221114
WM06341-C,JOINT FAILURE,Resolved,RECORD,1,20060711,20221114
WM13684-C,CIRCUMFERENCE BREAK,Resolved,RECORD,1,20060414,20221114
WM13349-A,"PINHOLE <=1""",Resolved,WORKORDER,0,20020921,20221114
WM08306-C,"PINHOLE >1""",Resolved,WORKORDER,0,20060912,20221114
WM13102-A,"PINHOLE >1""",Resolved,RECORD,1,20120408,20221114
WM10497-A,"PINHOLE >1""",Resolved,WORKORDER,0,20200428,20221114
WM02247-A,"PINHOLE >1""",Resolved,RECORD,1,20080502,20221114
WM11921-C,CIRCUMFERENCE BREAK,Resolved,WORKORDER,0,20010214,20221114
WM05112-C,CIRCUMFERENCE BREAK,Resolved,WORKORDER,0,20030412,20221114
WM10952-C,"PINHOLE >1""",Resolved,WORKORDER,0,20110103,20221114
WM03160-C,CIRCUMFERENCE BREAK,Resolved,WORKORDER,0,20101011,20221114
WM08341-A,"PINHOLE <=1""",Resolved,WORKORDER,0,20090227,20221114
WM09985-A,CIRCUMFERENCE BREAK,Resolved,WORKORDER,0,,20221114
WM07828-C,CIRCUMFERENCE BREAK,Resolved,WORKORDER,0,20051119,20221114
WM02416-C,CIRCUMFERENCE BREAK,Resolved,WORKORDER,0,20040803,20221114
WM11666-C,"PINHOLE >1""",Resolved,WORKORDER,0,20060817,20221114
WM13320-A,CIRCUMFERENCE BREAK,Resolved,WORKORDER,0,20040118,20221114
WM10531-A,CIRCUMFERENCE BREAK,Resolved,RECORD,1,,20221114
WM02170-C,JOINT FAILURE,Resolved,WORKORDER,0,20010420,20221114
WM11288-C,"PINHOLE >1""",Resolved,RECORD,1,20140220,20221114
WM09505-C,CIRCUMFERENCE BREAK,Resolved,WORKORDER,0,20050420,20221114
WM10914-A,CIRCUMFERENCE BREAK,Resolved,RECORD,1,20011205,20221114
WM08326-A,"PINHOLE >1""",Resolved,WORKORDER,0,20101022,20221114
WM03231-A,CIRCUMFERENCE BREAK,Resolved,WORKORDER,0,20010116,20221114
WM09418-C,CIRCUMFERENCE BREAK,Resolved,WORKORDER,0,20160717,20221114
WM12850-C,CIRCUMFERENCE BREAK,Resolved,WORKORDER,0,20090921,20221114
WM03365-D,CIRCUMFERENCE BREAK,Resolved,WORKORDER,0,,20221114
WM11137-C,CIRCUMFERENCE BREAK,Resolved,RECORD,1,20010419,20221114
WM07369-C,CIRCUMFERENCE BREAK,Resolved,WORKORDER,0,20151114,20221114
WM13660-A,"PINHOLE <=1""",Resolved,WORKORDER,0,20081112,20221114
WM00959-C,"PINHOLE <=1""",Resolved,RECORD,1,20200219,20221114
WM08623-C,CIRCUMFERENCE BREAK,Resolved,RECORD,1,20060622,20221114
WM12875-C,JOINT FAILURE,Resolved,WORKORDER,0,20130927,20221114
WM10080-C,CIRCUMFERENCE BREAK,Resolved,WORKORDER,0,20181116,20221114
WM02131-C,CIRCUMFERENCE BREAK,Resolved,WORKORDER,0,20190901,20221114
WM14052-C,CIRCUMFERENCE BREAK,Resolved,RECORD,1,20170111,20221114
WM11513-A,CONTRACTOR HIT,Resolved,RECORD,1,20210903,20221114
WM12592-A,CIRCUMFERENCE BREAK,Resolved,WORKORDER,0,20070804,20221114
WM09653-C,CIRCUMFERENCE BREAK,Resolved,WORKORDER,0,20031023,20221114
WM02278-C,"PINHOLE <=1""",Resolved,WORKORDER,0,20151024,20221114
WM14500-C,"PINHOLE <=1""",Resolved,RECORD,1,,20221114
WM11169-C,"PINHOLE <=1""",Resolved,RECORD,1,20090817,20221114
WM08939-A,CONTRACTOR HIT,Resolved,WORKORDER,0,20131213,20221114
WM05987-C,CIRCUMFERENCE BREAK,Resolved,WORKORDER,0,20020710,20221114
WM14720-A,UNKNOWN,Resolved,WORKORDER,0,,20221114
WM12938-P,CIRCUMFERENCE BREAK,Resolved,RECORD,1,20160223,20221114
WM12381-A,CIRCUMFERENCE BREAK,Resolved,WORKORDER,0,20081015,20221114
WM04101-C,CIRCUMFERENCE BREAK,Resolved,WORKORDER,0,20070810,20221114
WM02299-C,CONTRACTOR HIT,Resolved,WORKORDER,0,20040219,20221114
WM13812-C,CIRCUMFERENCE BREAK,Resolved,WORKORDER,0,20130126,20221114
WM08555-C,CIRCUMFERENCE BREAK,Resolved,WORKORDER,0,20021214,20221114
WM12237-C,"PINHOLE >1""",Resolved,WORKORDER,0,20100326,20221114
WM12376-L,CIRCUMFERENCE BREAK,Resolved,RECORD,1,20180106,20221114
WM10224-C,CIRCUMFERENCE BREAK,Resolved,WORKORDER,0,20070521,20221114
WM04811-C,"PINHOLE >1""",Resolved,WORKORDER,0,20190115,20221114
WM00261-C,CIRCUMFERENCE BREAK,Resolved,WORKORDER,0,,20221114
WM06832-D,"PINHOLE <=1""",Resolved,RECORD,1,20150517,20221114
WM05850-C,CIRCUMFERENCE BREAK,Resolved,RECORD,1,20070309,20221114
WM01057-S,CIRCUMFERENCE BREAK,Resolved,WORKORDER,0,20190427,20221114
WM13339-A,CIRCUMFERENCE BREAK,Resolved,RECORD,1,20040902,20221114
WM01303-A,CIRCUMFERENCE BREAK,Resolved,WORKORDER,0,20011019,20221114
WM05282-C,CIRCUMFERENCE BREAK,Resolved,WORKORDER,0,20060603,20221114
WM14779-C,CIRCUMFERENCE BREAK,Resolved,WORKORDER,0,20080722,20221114
WM14192-A,"PINHOLE >1""",Resolved,WORKORDER,0,20100615,20221114
WM07050-C,CIRCUMFERENCE BREAK,Resolved,RECORD,1,20020624,20221114
WM08164-C,CIRCUMFERENCE BREAK,Resolved,RECORD,1,20181209,20221114
WM04788-A,CONTRACTOR HIT,Resolved,WORKORDER,0,20160706,20221114
WM05438-C,"PINHOLE >1""",Resolved,RECORD,1,20031001,20221114
WM08560-C,CONTRACTOR HIT,Resolved,WORKORDER,0,20041025,20221114
WM05424-A,"PINHOLE >1""",Resolved,RECORD,1,20010928,20221114
WM09559-A,CIRCUMFERENCE BREAK,Resolved,RECORD,1,20010503,20221114
WM06593-C,JOINT FAILURE,Resolved,WORKORDER,0,20200322,20221114
WM10326-C,"PINHOLE >1""",Resolved,WORKORDER,0,20161223,20221114
WM03328-C,"PINHOLE >1""",Resolved,WORKORDER,0,20100226,20221114
WM04429-A,CIRCUMFERENCE BREAK,Resolved,RECORD,1,20080908,20221114
WM08542-A,CIRCUMFERENCE BREAK,Resolved,WORKORDER,0,20151203,20221114
WM09640-C,CIRCUMFERENCE BREAK,Resolved,WORKORDER,0,20200609,20221114
WM09662-A,CIRCUMFERENCE BREAK,Resolved,WORKORDER,0,20050208,20221114
WM07769-C,CONTRACTOR HIT,Resolved,RECORD,1,,20221114
WM00414-C,CIRCUMFERENCE BREAK,Resolved,RECORD,1,20151114,20221114
WM03077-A,CIRCUMFERENCE BREAK,Resolved,WORKORDER,0,20040114,20221114
WM06252-A,CIRCUMFERENCE BREAK,Resolved,RECORD,1,20060710,20221114
WM13090-C,CONTRACTOR HIT,Resolved,RECORD,1,20190401,20221114
WM00417-C,CIRCUMFERENCE BREAK,Resolved,WORKORDER,0,20150125,20221114
WM05734-A,CIRCUMFERENCE BREAK,Resolved,WORKORDER,0,20081110,20221114
WM00881-A,CIRCUMFERENCE BREAK,Resolved,WORKORDER,0,20180419,20221114
WM02066-C,CIRCUMFERENCE BREAK,Resolved,WORKORDER,0,20120610,20221114
WM12666-A,CIRCUMFERENCE BREAK,Resolved,WORKORDER,0,20070903,20221114
WM01313-C,CIRCUMFERENCE BREAK,Resolved,RECORD,1,20210301,20221114
WM01530-D,CONTRACTOR HIT,Resolved,WORKORDER,0,20050924,20221114
WM04668-C,"PINHOLE >1""",Resolved,WORKORDER,0,20130917,20221114
WM02882-C,"PINHOLE <=1""",Resolved,WORKORDER,0,20070823,20221114
WM03427-C,CIRCUMFERENCE BREAK,Resolved,WORKORDER,0,20121213,20221114
WM07109-C,CIRCUMFERENCE BREAK,Resolved,RECORD,1,20150304,20221114
WM08826-C,CIRCUMFERENCE BREAK,Resolved,WORKORDER,0,20090414,20221114
WM00475-C,CIRCUMFERENCE BREAK,Resolved,WORKORDER,0,,20221114
WM04999-C,CIRCUMFERENCE BREAK,Resolved,WORKORDER,0,20130726,20221114
WM11542-C,CIRCUMFERENCE BREAK,Resolved,WORKORDER,0,20150118,20221114
WM12329-A,CONTRACTOR HIT,Resolved,WORKORDER,0,20160718,20221114
WM13369-A,CIRCUMFERENCE BREAK,Resolved,WORKORDER,0,20040519,20221114
WM11849-C,JOINT FAILURE,Resolved,RECORD,1,20111108,20221114
WM02752-C,CIRCUMFERENCE BREAK,Resolved,WORKORDER,0,20180628,20221114
WM00178-C,CIRCUMFERENCE BREAK,Resolved,WORKORDER,0,20130227,20221114
WM14773-C,CIRCUMFERENCE BREAK,Resolved,WORKORDER,0,20160706,20221114
WM13267-A,CIRCUMFERENCE BREAK,Resolved,WORKORDER,0,20020106,20221114
WM14659-A,CIRCUMFERENCE BREAK,Resolved,WORKORDER,0,20150121,20221114
WM08055-C,CONTRACTOR HIT,Resolved,WORKORDER,0,20160904,20221114
WM14854-C,JOINT FAILURE,Resolved,WORKORDER,0,20010112,20221114
WM09327-C,"PINHOLE >1""",Resolved,WORKORDER,0,20051226,20221114
WM05611-C,CIRCUMFERENCE BREAK,Resolved,RECORD,1,20110116,20221114
WM13342-A,CIRCUMFERENCE BREAK,Resolved,RECORD,1,20161221,20221114
WM08261-C,CIRCUMFERENCE BREAK,Resolved,WORKORDER,0,20160119,20221114
WM04629-C,CIRCUMFERENCE BREAK,Resolved,WORKORDER,0,20060823,20221114
WM03853-C,CIRCUMFERENCE BREAK,Resolved,WORKORDER,0,20101225,20221114
WM12405-C,JOINT FAILURE,Resolved,RECORD,1,20110918,20221114
WM11135-C,CIRCUMFERENCE BREAK,Resolved,RECORD,1,20040117,20221114
WM04744-A,CIRCUMFERENCE BREAK,Resolved,RECORD,1,20150102,20221114
WM12620-C,CIRCUMFERENCE BREAK,Resolved,WORKORDER,0,20080621,20221114
WM09002-C,CONTRACTOR HIT,Resolved,WORKORDER,0,20081001,20221114
WM09129-A,"PINHOLE >1""",Resolved,RECORD,1,20210507,20221114
WM07145-A,CIRCUMFERENCE BREAK,Resolved,RECORD,1,20071024,20221114
WM09886-C,"PINHOLE >1""",Resolved,WORKORDER,0,20020318,20221114
WM04919-C,CIRCUMFERENCE BREAK,Resolved,WORKORDER,0,,20221114
WM14425-A,CIRCUMFERENCE BREAK,Resolved,WORKORDER,0,20011219,20221114
WM13203-A,UNKNOWN,Resolved,WORKORDER,0,20081224,20221114
WM08697-A,CIRCUMFERENCE BREAK,Resolved,RECORD,1,20050125,20221114
WM11861-C,CIRCUMFERENCE BREAK,Resolved,WORKORDER,0,20110420,20221114
WM04195-C,CIRCUMFERENCE BREAK,Resolved,RECORD,1,20100507,20221114
WM07114-A,CIRCUMFERENCE BREAK,Resolved,RECORD,1,20200121,20221114
WM05083-C,CIRCUMFERENCE BREAK,Resolved,WORKORDER,0,20040126,20221114
WM14666-C,CIRCUMFERENCE BREAK,Resolved,WORKORDER,0,20110122,20221114
WM10542-C,CIRCUMFERENCE BREAK,Resolved,RECORD,1,20050205,20221114
WM03904-C,CIRCUMFERENCE BREAK,Resolved,WORKORDER,0,20121106,20221114
WM10774-C,JOINT FAILURE,Resolved,WORKORDER,0,20170228,20221114
WM08891-C,CONTRACTOR HIT,Resolved,WORKORDER,0,20130507,20221114
WM08300-A,CIRCUMFERENCE BREAK,Resolved,WORKORDER,0,20110219,20221114
WM07925-C,CIRCUMFERENCE BREAK,Resolved,WORKORDER,0,20020305,20221114
WM03782-C,CIRCUMFERENCE BREAK,Resolved,WORKORDER,0,20121001,20221114
WM06976-A,"PINHOLE <=1""",Resolved,WORKORDER,0,,20221114
WM06872-C,CIRCUMFERENCE BREAK,Resolved,WORKORDER,0,20040315,20221114
WM08988-C,CIRCUMFERENCE BREAK,Resolved,RECORD,1,20110208,20221114
WM11399-A,CIRCUMFERENCE BREAK,Resolved,WORKORDER,0,20010616,20221114
WM05929-A,CIRCUMFERENCE BREAK,Resolved,WORKORDER,0,20101213,20221114
WM02162-L,CONTRACTOR HIT,Resolved,WORKORDER,0,20091205,20221114
WM12184-S,CIRCUMFERENCE BREAK,Resolved,WORKORDER,0,20021013,20221114
WM01840-A,CIRCUMFERENCE BREAK,Resolved,WORKORDER,0,20050811,20221114
WM13432-A,CIRCUMFERENCE BREAK,Resolved,WORKORDER,0,20030409,20221114
WM08126-C,JOINT FAILURE,Resolved,WORKORDER,0,20020817,20221114
WM13247-C,CIRCUMFERENCE BREAK,Resolved,RECORD,1,20010901,20221114
WM10192-C,CIRCUMFERENCE BREAK,Resolved,RECORD,1,20061226,20221114
WM12250-C,CIRCUMFERENCE BREAK,Resolved,WORKORDER,0,20141118,20221114
WM06185-A,CIRCUMFERENCE BREAK,Resolved,RECORD,1,20070123,20221114
WM12435-C,CIRCUMFERENCE BREAK,Resolved,WORKORDER,0,20030922,20221114
WM09107-A,CIRCUMFERENCE BREAK,Resolved,WORKORDER,0,20211114,20221114
WM08535-S,CIRCUMFERENCE BREAK,Resolved,WORKORDER,0,20121101,20221114
WM08265-A,CIRCUMFERENCE BREAK,Resolved,WORKORDER,0,20070710,20221114
WM03024-C,CIRCUMFERENCE BREAK,Resolved,WORKORDER,0,20140309,20221114
WM06792-S,CIRCUMFERENCE BREAK,Resolved,RECORD,1,20121126,20221114
WM13388-C,CIRCUMFERENCE BREAK,Resolved,RECORD,1,20171215,20221114
WM08182-C,CIRCUMFERENCE BREAK,Resolved,RECORD,1,20130320,20221114
WM04471-C,CIRCUMFERENCE BREAK,Resolved,RECORD,1,20161015,20221114
WM03721-C,CIRCUMFERENCE BREAK,Resolved,RECORD,1,20171004,20221114
WM09958-C,CIRCUMFERENCE BREAK,Resolved,RECORD,1,20101008,20221114
WM06282-A,CIRCUMFERENCE BREAK,Resolved,WORKORDER,0,20201003,20221114
WM11821-A,CONTRACTOR HIT,Resolved,WORKORDER,0,20131121,20221114
WM05777-P,CIRCUMFERENCE BREAK,Resolved,WORKORDER,0,20040910,20221114
WM08732-C,CIRCUMFERENCE BREAK,Resolved,RECORD,1,20120903,20221114
WM14457-C,CONTRACTOR HIT,Resolved,WORKORDER,0,20170119,20221114
WM09235-C,CIRCUMFERENCE BREAK,Resolved,WORKORDER,0,20110818,20221114
WM02312-A,CIRCUMFERENCE BREAK,Resolved,WORKORDER,0,20031028,20221114
WM09112-C,CIRCUMFERENCE BREAK,Resolved,RECORD,1,20161112,20221114
WM11119-C,JOINT FAILURE,Resolved,WORKORDER,0,20120327,20221114
WM11329-C,CIRCUMFERENCE BREAK,Resolved,WORKORDER,0,,20221114
WM12594-C,JOINT FAILURE,Resolved,WORKORDER,0,20130304,20221114
WM06367-C,CIRCUMFERENCE BREAK,Resolved,WORKORDER,0,,20221114
WM03476-C,"PINHOLE >1""",Resolved,WORKORDER,0,20170804,20221114
WM08812-C,CIRCUMFERENCE BREAK,Resolved,RECORD,1,,20221114
WM08737-C,CONTRACTOR HIT,Resolved,WORKORDER,0,20130203,20221114
WM03583-C,CIRCUMFERENCE BREAK,Resolved,WORKORDER,0,20070601,20221114
WM07408-C,UNKNOWN,Resolved,WORKORDER,0,20040313,20221114
WM01881-A,CONTRACTOR HIT,Resolved,WORKORDER,0,20090208,20221114
WM10377-C,CONTRACTOR HIT,Resolved,WORKORDER,0,20091116,20221114
WM11511-A,CIRCUMFERENCE BREAK,Resolved,WORKORDER,0,20011001,20221114
WM05500-C,,Resolved,RECORD,1,20130617,20221114
WM14626-A,CONTRACTOR HIT,Resolved,WORKORDER,0,20180706,20221114
WM09050-A,CIRCUMFERENCE BREAK,Resolved,WORKORDER,0,20140527,20221114
WM03843-C,CIRCUMFERENCE BREAK,Resolved,WORKORDER,0,20120709,20221114
WM09994-A,"PINHOLE <=1""",Resolved,RECORD,1,20200222,20221114
WM12065-A,JOINT FAILURE,Resolved,RECORD,1,20030513,20221114
WM00118-A,CIRCUMFERENCE BREAK,Resolved,WORKORDER,0,20120426,20221114
WM06341-C,"PINHOLE <=1""",Resolved,WORKORDER,0,20020606,20221114
WM02247-A,CIRCUMFERENCE BREAK,Resolved,WORKORDER,0,,20221114
WM11921-C,CIRCUMFERENCE BREAK,Resolved,RECORD,1,20150609,20221114
WM10952-C,"PINHOLE <=1""",Resolved,WORKORDER,0,20030409,20221114
WM10531-A,CIRCUMFERENCE BREAK,Resolved,RECORD,1,20050912,20221114
WM11288-C,JOINT FAILURE,Resolved,WORKORDER,0,20021009,20221114
WM09505-C,CIRCUMFERENCE BREAK,Resolved,WORKORDER,0,20011002,20221114
WM09418-C,CIRCUMFERENCE BREAK,Resolved,WORKORDER,0,20010726,20221114
WM11137-C,CIRCUMFERENCE BREAK,Resolved,WORKORDER,0,20021118,20221114
WM13660-A,CIRCUMFERENCE BREAK,Resolved,WORKORDER,0,20170714,20221114
WM10080-C,CIRCUMFERENCE BREAK,Resolved,WORKORDER,0,20190318,20221114
WM14052-C,CIRCUMFERENCE BREAK,Resolved,WORKORDER,0,20160704,20221114
WM11513-A,CIRCUMFERENCE BREAK,Resolved,RECORD,1,20130205,20221114
WM12592-A,CIRCUMFERENCE BREAK,Resolved,WORKORDER,0,20141002,20221114
WM02278-C,CIRCUMFERENCE BREAK,Resolved,WORKORDER,0,20171106,20221114
WM06832-D,"PINHOLE >1""",Resolved,WORKORDER,0,,20221114
WM01303-A,CIRCUMFERENCE BREAK,Resolved,WORKORDER,0,20170521,20221114
WM07050-C,CIRCUMFERENCE BREAK,Resolved,WORKORDER,0,20071228,20221114
WM04788-A,CIRCUMFERENCE BREAK,Resolved,WORKORDER,0,20011218,20221114
WM04429-A,CIRCUMFERENCE BREAK,Resolved,WORKORDER,0,20040625,20221114
WM08542-A,CIRCUMFERENCE BREAK,Resolved,WORKORDER,0,20020809,20221114
WM09662-A,CIRCUMFERENCE BREAK,Resolved,WORKORDER,0,20070419,20221114
WM07769-C,CIRCUMFERENCE BREAK,Resolved,WORKORDER,0,20170220,20221114
WM00881-A,CONTRACTOR HIT,Resolved,WORKORDER,0,20180505,20221114
WM14773-C,"PINHOLE <=1""",Resolved,WORKORDER,0,20200916,20221114
WM14854-C,CIRCUMFERENCE BREAK,Resolved,RECORD,1,20131220,20221114
WM03853-C,CIRCUMFERENCE BREAK,Resolved,RECORD,1,20200403,20221114
WM04919-C,CIRCUMFERENCE BREAK,Resolved,RECORD,1,20011225,20221114
WM08697-A,CIRCUMFERENCE BREAK,Resolved,RECORD,1,,20221114
WM04195-C,"PINHOLE >1""",Resolved,WORKORDER,0,20020910,20221114
WM05083-C,CIRCUMFERENCE BREAK,Resolved,WORKORDER,0,20130426,20221114
WM10774-C,CIRCUMFERENCE BREAK,Resolved,RECORD,1,20200110,20221114
WM09107-A,CIRCUMFERENCE BREAK,Resolved,WORKORDER,0,20180815,20221114
WM08265-A,CIRCUMFERENCE BREAK,Resolved,RECORD,1,20131127,20221114
WM08182-C,CIRCUMFERENCE BREAK,Resolved,WORKORDER,0,20110610,20221114
WM03721-C,CIRCUMFERENCE BREAK,Resolved,RECORD,1,20020218,20221114
WM09958-C,CIRCUMFERENCE BREAK,Resolved,WORKORDER,0,20170321,20221114
WM06282-A,JOINT FAILURE,Resolved,RECORD,1,20150208,20221114
WM11821-A,CIRCUMFERENCE BREAK,Resolved,RECORD,1,20020821,20221114
WM02312-A,"PINHOLE <=1""",Resolved,WORKORDER,0,20190115,20221114
WM12594-C,CIRCUMFERENCE BREAK,Resolved,RECORD,1,20051210,20221114
WM06367-C,"PINHOLE >1""",Resolved,WORKORDER,0,,20221114
WM08737-C,"PINHOLE >1""",Resolved,RECORD,1,20050914,20221114
WM07408-C,CIRCUMFERENCE BREAK,Resolved,WORKORDER,0,20140316,20221114
WM05500-C,,Resolved,WORKORDER,0,20031122,20221114
WM14626-A,CIRCUMFERENCE BREAK,Resolved,WORKORDER,0,,20221114
WM06341-C,CIRCUMFERENCE BREAK,Resolved,WORKORDER,0,20051112,20221114
WM02247-A,CONTRACTOR HIT,Resolved,WORKORDER,0,20100906,20221114
WM09505-C,CIRCUMFERENCE BREAK,Resolved,RECORD,1,20010507,20221114
WM09418-C,CIRCUMFERENCE BREAK,Resolved,WORKORDER,0,,20221114
WM11137-C,CIRCUMFERENCE BREAK,Resolved,WORKORDER,0,20170901,20221114
WM10080-C,CIRCUMFERENCE BREAK,Resolved,WORKORDER,0,20070417,20221114
WM14052-C,CIRCUMFERENCE BREAK,Resolved,WORKORDER,0,20120419,20221114
WM06832-D,CIRCUMFERENCE BREAK,Resolved,WORKORDER,0,20070110,20221114
WM07050-C,CIRCUMFERENCE BREAK,Resolved,WORKORDER,0,20181118,20221114
WM04788-A,"PINHOLE >1""",Resolved,RECORD,1,20150612,20221114
WM08542-A,CIRCUMFERENCE BREAK,Resolved,RECORD,1,20210521,20221114
WM07769-C,CIRCUMFERENCE BREAK,Resolved,WORKORDER,0,20180613,20221114
WM03853-C,CIRCUMFERENCE BREAK,Resolved,WORKORDER,0,20111018,20221114
WM04919-C,JOINT FAILURE,Resolved,WORKORDER,0,,20221114
WM11821-A,CONTRACTOR HIT,Resolved,RECORD,1,20040905,20221114
WM06367-C,,Resolved,WORKORDER,0,20210420,20221114
WM08737-C,CIRCUMFERENCE BREAK,Resolved,WORKORDER,0,20171006,20221114
WM06341-C,JOINT FAILURE,Resolved,WORKORDER,0,20101123,20221114
WM09505-C,JOINT FAILURE,Resolved,RECORD,1,20200417,20221114
WM09418-C,CIRCUMFERENCE BREAK,Resolved,WORKORDER,0,20210723,20221114
WM11137-C,UNKNOWN,Resolved,WORKORDER,0,20181104,20221114
WM10080-C,CIRCUMFERENCE BREAK,Resolved,RECORD,1,20110104,20221114
WM08542-A,CIRCUMFERENCE BREAK,Resolved,WORKORDER,0,20141003,20221114
WM11821-A,CIRCUMFERENCE BREAK,Resolved,WORKORDER,0,20150610,20221114
WM06341-C,CIRCUMFERENCE BREAK,Resolved,WORKORDER,0,20160302,20221114
WM09505-C,CIRCUMFERENCE BREAK,Resolved,RECORD,1,20110906,20221114
WM11137-C,JOINT FAILURE,Resolved,RECORD,1,20150226,20221114
WM10080-C,CIRCUMFERENCE BREAK,Resolved,WORKORDER,0,20150101,20221114
WM11821-A,,Resolved,WORKORDER,0,20140504,20221114
WM09505-C,CIRCUMFERENCE BREAK,Resolved,RECORD,1,20020210,20221114
WM11821-A,CIRCUMFERENCE BREAK,Resolved,WORKORDER,0,20191017,20221114
WM11821-A,"PINHOLE <=1""",Resolved,RECORD,1,20141017,20221114
WM11821-A,CIRCUMFERENCE BREAK,Resolved,WORKORDER,0,20100119,20221114
