native_pipe_id,asset_id,break_date,break_type,result,source,rminfo,wo_dateinc
WM02656-C,0,2022,CIRCUMFERENCE BREAK,Resolved,RECORD,1,20020912.0
WM04742-P,1,2022,CONTRACTOR HIT,Resolved,RECORD,1,20210618.0
WM00040-C,2,2022,CIRCUMFERENCE BREAK,Resolved,WORKORDER,0,20130610.0
WM12614-C,3,2022,"PINHOLE >1""",Resolved,WORKORDER,0,20080521.0
WM04879-A,4,2022,CIRCUMFERENCE BREAK,Resolved,RECORD,1,20150425.0
WM03476-C,5,2022,,Resolved,WORKORDER,0,20170608.0
WM10877-C,6,2022,JOINT FAILURE,Resolved,WORKORDER,0,20171025.0
WM08758-A,7,2022,"PINHOLE >1""",Resolved,RECORD,1,20191013.0
WM08812-C,8,2022,CIRCUMFERENCE BREAK,Resolved,RECORD,1,20040718.0
WM11883-D,9,2022,CIRCUMFERENCE BREAK,Resolved,RECORD,1,20010625.0
WM08160-C,10,2022,JOINT FAILURE,Resolved,WORKORDER,0,20170501.0
WM01281-C,11,2022,"PINHOLE >1""",Resolved,WORKORDER,0,20170528.0
WM08964-C,12,2022,"PINHOLE <=1""",Resolved,RECORD,1,20060527.0
WM01461-P,13,2022,,Resolved,WORKORDER,0,20060919.0
WM08737-C,14,2022,CIRCUMFERENCE BREAK,Resolved,RECORD,1,
WM06392-C,15,2022,JOINT FAILURE,Resolved,WORKORDER,0,20070210.0
WM04805-C,16,2022,"PINHOLE <=1""",Resolved,WORKORDER,0,
WM02393-A,17,2022,CIRCUMFERENCE BREAK,Resolved,WORKORDER,0,20020825.0
WM04656-A,18,2022,CONTRACTOR HIT,Resolved,RECORD,1,20171205.0
WM08946-C,19,2022,CIRCUMFERENCE BREAK,Resolved,RECORD,1,20190123.0
WM14555-A,20,2022,CIRCUMFERENCE BREAK,Resolved,WORKORDER,0,20070915.0
WM03583-C,21,2022,CIRCUMFERENCE BREAK,Resolved,WORKORDER,0,20081001.0
WM06123-A,22,2022,CONTRACTOR HIT,Resolved,RECORD,1,20031119.0
WM04815-C,23,2022,CONTRACTOR HIT,Resolved,RECORD,1,
WM00269-A,24,2022,"PINHOLE <=1""",Resolved,WORKORDER,0,20050723.0
WM07408-C,25,2022,"PINHOLE >1""",Resolved,RECORD,1,20100504.0
WM10684-C,26,2022,CIRCUMFERENCE BREAK,Resolved,WORKORDER,0,
WM01881-A,27,2022,CIRCUMFERENCE BREAK,Resolved,WORKORDER,0,20160212.0
WM00751-C,28,2022,CIRCUMFERENCE BREAK,Resolved,WORKORDER,0,
WM14333-L,29,2022,CIRCUMFERENCE BREAK,Resolved,WORKORDER,0,20160114.0
WM01013-A,30,2022,"PINHOLE <=1""",Resolved,WORKORDER,0,20140626.0
WM01434-D,31,2022,CIRCUMFERENCE BREAK,Resolved,WORKORDER,0,20051017.0
WM02156-C,32,2022,CIRCUMFERENCE BREAK,Resolved,RECORD,1,20090326.0
WM08538-A,33,2022,"PINHOLE >1""",Resolved,WORKORDER,0,20190406.0
WM09539-A,34,2022,JOINT FAILURE,Resolved,WORKORDER,0,20150408.0
WM10377-C,35,2022,"PINHOLE >1""",Resolved,WORKORDER,0,20050409.0
WM06647-C,36,2022,JOINT FAILURE,Resolved,WORKORDER,0,20121206.0
WM07545-C,37,2022,CIRCUMFERENCE BREAK,Resolved,WORKORDER,0,20011013.0
WM03658-C,38,2022,CIRCUMFERENCE BREAK,Resolved,WORKORDER,0,20160101.0
WM06544-A,39,2022,CIRCUMFERENCE BREAK,Resolved,WORKORDER,0,20060713.0
WM00691-C,40,2022,CIRCUMFERENCE BREAK,Resolved,WORKORDER,0,20180926.0
WM11511-A,41,2022,CIRCUMFERENCE BREAK,Resolved,WORKORDER,0,20140208.0
WM02327-A,42,2022,CIRCUMFERENCE BREAK,Resolved,WORKORDER,0,20170511.0
WM11501-A,43,2022,"PINHOLE <=1""",Resolved,RECORD,1,20160405.0
WM09689-C,44,2022,CONTRACTOR HIT,Resolved,RECORD,1,20140713.0
WM05500-C,45,2022,CONTRACTOR HIT,Resolved,WORKORDER,0,20171009.0
WM06398-A,46,2022,"PINHOLE >1""",Resolved,RECORD,1,20050222.0
WM13798-C,47,2022,CIRCUMFERENCE BREAK,Resolved,RECORD,1,20010525.0
WM07847-S,48,2022,CIRCUMFERENCE BREAK,Resolved,WORKORDER,0,
WM02477-C,49,2022,"PINHOLE >1""",Resolved,WORKORDER,0,20131009.0
WM02577-A,50,2022,CIRCUMFERENCE BREAK,Resolved,WORKORDER,0,20020723.0
WM06540-A,51,2022,CIRCUMFERENCE BREAK,Resolved,WORKORDER,0,
WM00685-A,52,2022,"PINHOLE <=1""",Resolved,WORKORDER,0,20040927.0
WM14626-A,53,2022,CIRCUMFERENCE BREAK,Resolved,WORKORDER,0,20081105.0
WM01536-L,54,2022,CIRCUMFERENCE BREAK,Resolved,WORKORDER,0,20070328.0
WM05094-C,55,2022,"PINHOLE <=1""",Resolved,WORKORDER,0,20020710.0
WM11138-S,56,2022,CIRCUMFERENCE BREAK,Resolved,WORKORDER,0,
WM00070-A,57,2022,CONTRACTOR HIT,Resolved,WORKORDER,0,20120217.0
WM00545-C,58,2022,CIRCUMFERENCE BREAK,Resolved,WORKORDER,0,20110412.0
WM09050-A,59,2022,CIRCUMFERENCE BREAK,Resolved,RECORD,1,20211111.0
WM00744-A,60,2022,"PINHOLE >1""",Resolved,WORKORDER,0,20170610.0
WM10291-P,61,2022,,Resolved,WORKORDER,0,20160313.0
WM02804-D,62,2022,CIRCUMFERENCE BREAK,Resolved,RECORD,1,20011220.0
WM04990-C,63,2022,"PINHOLE <=1""",Resolved,WORKORDER,0,20020803.0
WM03843-C,64,2022,"PINHOLE <=1""",Resolved,WORKORDER,0,
WM06867-C,65,2022,CIRCUMFERENCE BREAK,Resolved,WORKORDER,0,20150714.0
WM11161-C,66,2022,CIRCUMFERENCE BREAK,Resolved,WORKORDER,0,20090210.0
WM05369-A,67,2022,CIRCUMFERENCE BREAK,Resolved,RECORD,1,20141005.0
WM09994-A,68,2022,CIRCUMFERENCE BREAK,Resolved,WORKORDER,0,20211203.0
WM12065-A,69,2022,CIRCUMFERENCE BREAK,Resolved,RECORD,1,20141012.0
WM00118-A,70,2022,CIRCUMFERENCE BREAK,Resolved,WORKORDER,0,20051128.0
WM06341-C,71,2022,JOINT FAILURE,Resolved,RECORD,1,20060711.0
WM13684-C,72,2022,CIRCUMFERENCE BREAK,Resolved,RECORD,1,20060414.0
WM13349-A,73,2022,"PINHOLE <=1""",Resolved,WORKORDER,0,20020921.0
WM08306-C,74,2022,"PINHOLE >1""",Resolved,WORKORDER,0,20060912.0
WM13102-A,75,2022,"PINHOLE >1""",Resolved,RECORD,1,20120408.0
WM10497-A,76,2022,"PINHOLE >1""",Resolved,WORKORDER,0,20200428.0
WM02247-A,77,2022,"PINHOLE >1""",Resolved,RECORD,1,20080502.0
WM11921-C,78,2022,CIRCUMFERENCE BREAK,Resolved,WORKORDER,0,20010214.0
WM05112-C,79,2022,CIRCUMFERENCE BREAK,Resolved,WORKORDER,0,20030412.0
WM10952-C,80,2022,"PINHOLE >1""",Resolved,WORKORDER,0,20110103.0
WM03160-C,81,2022,CIRCUMFERENCE BREAK,Resolved,WORKORDER,0,20101011.0
WM08341-A,82,2022,"PINHOLE <=1""",Resolved,WORKORDER,0,20090227.0
WM09985-A,83,2022,CIRCUMFERENCE BREAK,Resolved,WORKORDER,0,
WM07828-C,84,2022,CIRCUMFERENCE BREAK,Resolved,WORKORDER,0,20051119.0
WM02416-C,85,2022,CIRCUMFERENCE BREAK,Resolved,WORKORDER,0,20040803.0
WM11666-C,86,2022,"PINHOLE >1""",Resolved,WORKORDER,0,20060817.0
WM13320-A,87,2022,CIRCUMFERENCE BREAK,Resolved,WORKORDER,0,20040118.0
WM10531-A,88,2022,CIRCUMFERENCE BREAK,Resolved,RECORD,1,
WM02170-C,89,2022,JOINT FAILURE,Resolved,WORKORDER,0,20010420.0
WM11288-C,90,2022,"PINHOLE >1""",Resolved,RECORD,1,20140220.0
WM09505-C,91,2022,CIRCUMFERENCE BREAK,Resolved,WORKORDER,0,20050420.0
WM10914-A,92,2022,CIRCUMFERENCE BREAK,Resolved,RECORD,1,20011205.0
WM08326-A,93,2022,"PINHOLE >1""",Resolved,WORKORDER,0,20101022.0
WM03231-A,94,2022,CIRCUMFERENCE BREAK,Resolved,WORKORDER,0,20010116.0
WM09418-C,95,2022,CIRCUMFERENCE BREAK,Resolved,WORKORDER,0,20160717.0
WM12850-C,96,2022,CIRCUMFERENCE BREAK,Resolved,WORKORDER,0,20090921.0
WM03365-D,97,2022,CIRCUMFERENCE BREAK,Resolved,WORKORDER,0,
WM11137-C,98,2022,CIRCUMFERENCE BREAK,Resolved,RECORD,1,20010419.0
WM07369-C,99,2022,CIRCUMFERENCE BREAK,Resolved,WORKORDER,0,20151114.0
WM13660-A,100,2022,"PINHOLE <=1""",Resolved,WORKORDER,0,20081112.0
WM00959-C,101,2022,"PINHOLE <=1""",Resolved,RECORD,1,20200219.0
WM08623-C,102,2022,CIRCUMFERENCE BREAK,Resolved,RECORD,1,20060622.0
WM12875-C,103,2022,JOINT FAILURE,Resolved,WORKORDER,0,20130927.0
WM10080-C,104,2022,CIRCUMFERENCE BREAK,Resolved,WORKORDER,0,20181116.0
WM02131-C,105,2022,CIRCUMFERENCE BREAK,Resolved,WORKORDER,0,20190901.0
WM14052-C,106,2022,CIRCUMFERENCE BREAK,Resolved,RECORD,1,20170111.0
WM11513-A,107,2022,CONTRACTOR HIT,Resolved,RECORD,1,20210903.0
WM12592-A,108,2022,CIRCUMFERENCE BREAK,Resolved,WORKORDER,0,20070804.0
WM09653-C,109,2022,CIRCUMFERENCE BREAK,Resolved,WORKORDER,0,20031023.0
WM02278-C,110,2022,"PINHOLE <=1""",Resolved,WORKORDER,0,20151024.0
WM14500-C,111,2022,"PINHOLE <=1""",Resolved,RECORD,1,
WM11169-C,112,2022,"PINHOLE <=1""",Resolved,RECORD,1,20090817.0
WM08939-A,113,2022,CONTRACTOR HIT,Resolved,WORKORDER,0,20131213.0
WM05987-C,114,2022,CIRCUMFERENCE BREAK,Resolved,WORKORDER,0,20020710.0
WM14720-A,115,2022,UNKNOWN,Resolved,WORKORDER,0,
WM12938-P,116,2022,CIRCUMFERENCE BREAK,Resolved,RECORD,1,20160223.0
WM12381-A,117,2022,CIRCUMFERENCE BREAK,Resolved,WORKORDER,0,20081015.0
WM04101-C,118,2022,CIRCUMFERENCE BREAK,Resolved,WORKORDER,0,20070810.0
WM02299-C,119,2022,CONTRACTOR HIT,Resolved,WORKORDER,0,20040219.0
WM13812-C,120,2022,CIRCUMFERENCE BREAK,Resolved,WORKORDER,0,20130126.0
WM08555-C,121,2022,CIRCUMFERENCE BREAK,Resolved,WORKORDER,0,20021214.0
WM12237-C,122,2022,"PINHOLE >1""",Resolved,WORKORDER,0,20100326.0
WM12376-L,123,2022,CIRCUMFERENCE BREAK,Resolved,RECORD,1,20180106.0
WM10224-C,124,2022,CIRCUMFERENCE BREAK,Resolved,WORKORDER,0,20070521.0
WM04811-C,125,2022,"PINHOLE >1""",Resolved,WORKORDER,0,20190115.0
WM00261-C,126,2022,CIRCUMFERENCE BREAK,Resolved,WORKORDER,0,
WM06832-D,127,2022,"PINHOLE <=1""",Resolved,RECORD,1,20150517.0
WM05850-C,128,2022,CIRCUMFERENCE BREAK,Resolved,RECORD,1,20070309.0
WM01057-S,129,2022,CIRCUMFERENCE BREAK,Resolved,WORKORDER,0,20190427.0
WM13339-A,130,2022,CIRCUMFERENCE BREAK,Resolved,RECORD,1,20040902.0
WM01303-A,131,2022,CIRCUMFERENCE BREAK,Resolved,WORKORDER,0,20011019.0
WM05282-C,132,2022,CIRCUMFERENCE BREAK,Resolved,WORKORDER,0,20060603.0
WM14779-C,133,2022,CIRCUMFERENCE BREAK,Resolved,WORKORDER,0,20080722.0
WM14192-A,134,2022,"PINHOLE >1""",Resolved,WORKORDER,0,20100615.0
WM07050-C,135,2022,CIRCUMFERENCE BREAK,Resolved,RECORD,1,20020624.0
WM08164-C,136,2022,CIRCUMFERENCE BREAK,Resolved,RECORD,1,20181209.0
WM04788-A,137,2022,CONTRACTOR HIT,Resolved,WORKORDER,0,20160706.0
WM05438-C,138,2022,"PINHOLE >1""",Resolved,RECORD,1,20031001.0
WM08560-C,139,2022,CONTRACTOR HIT,Resolved,WORKORDER,0,20041025.0
WM05424-A,140,2022,"PINHOLE >1""",Resolved,RECORD,1,20010928.0
WM09559-A,141,2022,CIRCUMFERENCE BREAK,Resolved,RECORD,1,20010503.0
WM06593-C,142,2022,JOINT FAILURE,Resolved,WORKORDER,0,20200322.0
WM10326-C,143,2022,"PINHOLE >1""",Resolved,WORKORDER,0,20161223.0
WM03328-C,144,2022,"PINHOLE >1""",Resolved,WORKORDER,0,20100226.0
WM04429-A,145,2022,CIRCUMFERENCE BREAK,Resolved,RECORD,1,20080908.0
WM08542-A,146,2022,CIRCUMFERENCE BREAK,Resolved,WORKORDER,0,20151203.0
WM09640-C,147,2022,CIRCUMFERENCE BREAK,Resolved,WORKORDER,0,20200609.0
WM09662-A,148,2022,CIRCUMFERENCE BREAK,Resolved,WORKORDER,0,20050208.0
WM07769-C,149,2022,CONTRACTOR HIT,Resolved,RECORD,1,
WM00414-C,150,2022,CIRCUMFERENCE BREAK,Resolved,RECORD,1,20151114.0
WM03077-A,151,2022,CIRCUMFERENCE BREAK,Resolved,WORKORDER,0,20040114.0
WM06252-A,152,2022,CIRCUMFERENCE BREAK,Resolved,RECORD,1,20060710.0
WM13090-C,153,2022,CONTRACTOR HIT,Resolved,RECORD,1,20190401.0
WM00417-C,154,2022,CIRCUMFERENCE BREAK,Resolved,WORKORDER,0,20150125.0
WM05734-A,155,2022,CIRCUMFERENCE BREAK,Resolved,WORKORDER,0,20081110.0
WM00881-A,156,2022,CIRCUMFERENCE BREAK,Resolved,WORKORDER,0,20180419.0
WM02066-C,157,2022,CIRCUMFERENCE BREAK,Resolved,WORKORDER,0,20120610.0
WM12666-A,158,2022,CIRCUMFERENCE BREAK,Resolved,WORKORDER,0,20070903.0
WM01313-C,159,2022,CIRCUMFERENCE BREAK,Resolved,RECORD,1,20210301.0
WM01530-D,160,2022,CONTRACTOR HIT,Resolved,WORKORDER,0,20050924.0
WM04668-C,161,2022,"PINHOLE >1""",Resolved,WORKORDER,0,20130917.0
WM02882-C,162,2022,"PINHOLE <=1""",Resolved,WORKORDER,0,20070823.0
WM03427-C,163,2022,CIRCUMFERENCE BREAK,Resolved,WORKORDER,0,20121213.0
WM07109-C,164,2022,CIRCUMFERENCE BREAK,Resolved,RECORD,1,20150304.0
WM08826-C,165,2022,CIRCUMFERENCE BREAK,Resolved,WORKORDER,0,20090414.0
WM00475-C,166,2022,CIRCUMFERENCE BREAK,Resolved,WORKORDER,0,
WM04999-C,167,2022,CIRCUMFERENCE BREAK,Resolved,WORKORDER,0,20130726.0
WM11542-C,168,2022,CIRCUMFERENCE BREAK,Resolved,WORKORDER,0,20150118.0
WM12329-A,169,2022,CONTRACTOR HIT,Resolved,WORKORDER,0,20160718.0
WM13369-A,170,2022,CIRCUMFERENCE BREAK,Resolved,WORKORDER,0,20040519.0
WM11849-C,171,2022,JOINT FAILURE,Resolved,RECORD,1,20111108.0
WM02752-C,172,2022,CIRCUMFERENCE BREAK,Resolved,WORKORDER,0,20180628.0
WM00178-C,173,2022,CIRCUMFERENCE BREAK,Resolved,WORKORDER,0,20130227.0
WM14773-C,174,2022,CIRCUMFERENCE BREAK,Resolved,WORKORDER,0,20160706.0
WM13267-A,175,2022,CIRCUMFERENCE BREAK,Resolved,WORKORDER,0,20020106.0
WM14659-A,176,2022,CIRCUMFERENCE BREAK,Resolved,WORKORDER,0,20150121.0
WM08055-C,177,2022,CONTRACTOR HIT,Resolved,WORKORDER,0,20160904.0
WM14854-C,178,2022,JOINT FAILURE,Resolved,WORKORDER,0,20010112.0
WM09327-C,179,2022,"PINHOLE >1""",Resolved,WORKORDER,0,20051226.0
WM05611-C,180,2022,CIRCUMFERENCE BREAK,Resolved,RECORD,1,20110116.0
WM13342-A,181,2022,CIRCUMFERENCE BREAK,Resolved,RECORD,1,20161221.0
WM08261-C,182,2022,CIRCUMFERENCE BREAK,Resolved,WORKORDER,0,20160119.0
WM04629-C,183,2022,CIRCUMFERENCE BREAK,Resolved,WORKORDER,0,20060823.0
WM03853-C,184,2022,CIRCUMFERENCE BREAK,Resolved,WORKORDER,0,20101225.0
WM12405-C,185,2022,JOINT FAILURE,Resolved,RECORD,1,20110918.0
WM11135-C,186,2022,CIRCUMFERENCE BREAK,Resolved,RECORD,1,20040117.0
WM04744-A,187,2022,CIRCUMFERENCE BREAK,Resolved,RECORD,1,20150102.0
WM12620-C,188,2022,CIRCUMFERENCE BREAK,Resolved,WORKORDER,0,20080621.0
WM09002-C,189,2022,CONTRACTOR HIT,Resolved,WORKORDER,0,20081001.0
WM09129-A,190,2022,"PINHOLE >1""",Resolved,RECORD,1,20210507.0
WM07145-A,191,2022,CIRCUMFERENCE BREAK,Resolved,RECORD,1,20071024.0
WM09886-C,192,2022,"PINHOLE >1""",Resolved,WORKORDER,0,20020318.0
WM04919-C,193,2022,CIRCUMFERENCE BREAK,Resolved,WORKORDER,0,
WM14425-A,194,2022,CIRCUMFERENCE BREAK,Resolved,WORKORDER,0,20011219.0
WM13203-A,195,2022,UNKNOWN,Resolved,WORKORDER,0,20081224.0
WM08697-A,196,2022,CIRCUMFERENCE BREAK,Resolved,RECORD,1,20050125.0
WM11861-C,197,2022,CIRCUMFERENCE BREAK,Resolved,WORKORDER,0,20110420.0
WM04195-C,198,2022,CIRCUMFERENCE BREAK,Resolved,RECORD,1,20100507.0
WM07114-A,199,2022,CIRCUMFERENCE BREAK,Resolved,RECORD,1,20200121.0
WM05083-C,200,2022,CIRCUMFERENCE BREAK,Resolved,WORKORDER,0,20040126.0
WM14666-C,201,2022,CIRCUMFERENCE BREAK,Resolved,WORKORDER,0,20110122.0
WM10542-C,202,2022,CIRCUMFERENCE BREAK,Resolved,RECORD,1,20050205.0
WM03904-C,203,2022,CIRCUMFERENCE BREAK,Resolved,WORKORDER,0,20121106.0
WM10774-C,204,2022,JOINT FAILURE,Resolved,WORKORDER,0,20170228.0
WM08891-C,205,2022,CONTRACTOR HIT,Resolved,WORKORDER,0,20130507.0
WM08300-A,206,2022,CIRCUMFERENCE BREAK,Resolved,WORKORDER,0,20110219.0
WM07925-C,207,2022,CIRCUMFERENCE BREAK,Resolved,WORKORDER,0,20020305.0
WM03782-C,208,2022,CIRCUMFERENCE BREAK,Resolved,WORKORDER,0,20121001.0
WM06976-A,209,2022,"PINHOLE <=1""",Resolved,WORKORDER,0,
WM06872-C,210,2022,CIRCUMFERENCE BREAK,Resolved,WORKORDER,0,20040315.0
WM08988-C,211,2022,CIRCUMFERENCE BREAK,Resolved,RECORD,1,20110208.0
WM11399-A,212,2022,CIRCUMFERENCE BREAK,Resolved,WORKORDER,0,20010616.0
WM05929-A,213,2022,CIRCUMFERENCE BREAK,Resolved,WORKORDER,0,20101213.0
WM02162-L,214,2022,CONTRACTOR HIT,Resolved,WORKORDER,0,20091205.0
WM12184-S,215,2022,CIRCUMFERENCE BREAK,Resolved,WORKORDER,0,20021013.0
WM01840-A,216,2022,CIRCUMFERENCE BREAK,Resolved,WORKORDER,0,20050811.0
WM13432-A,217,2022,CIRCUMFERENCE BREAK,Resolved,WORKORDER,0,20030409.0
WM08126-C,218,2022,JOINT FAILURE,Resolved,WORKORDER,0,20020817.0
WM13247-C,219,2022,CIRCUMFERENCE BREAK,Resolved,RECORD,1,20010901.0
WM10192-C,220,2022,CIRCUMFERENCE BREAK,Resolved,RECORD,1,20061226.0
WM12250-C,221,2022,CIRCUMFERENCE BREAK,Resolved,WORKORDER,0,20141118.0
WM06185-A,222,2022,CIRCUMFERENCE BREAK,Resolved,RECORD,1,20070123.0
WM12435-C,223,2022,CIRCUMFERENCE BREAK,Resolved,WORKORDER,0,20030922.0
WM09107-A,224,2022,CIRCUMFERENCE BREAK,Resolved,WORKORDER,0,20211114.0
WM08535-S,225,2022,CIRCUMFERENCE BREAK,Resolved,WORKORDER,0,20121101.0
WM08265-A,226,2022,CIRCUMFERENCE BREAK,Resolved,WORKORDER,0,20070710.0
WM03024-C,227,2022,CIRCUMFERENCE BREAK,Resolved,WORKORDER,0,20140309.0
WM06792-S,228,2022,CIRCUMFERENCE BREAK,Resolved,RECORD,1,20121126.0
WM13388-C,229,2022,CIRCUMFERENCE BREAK,Resolved,RECORD,1,20171215.0
WM08182-C,230,2022,CIRCUMFERENCE BREAK,Resolved,RECORD,1,20130320.0
WM04471-C,231,2022,CIRCUMFERENCE BREAK,Resolved,RECORD,1,20161015.0
WM03721-C,232,2022,CIRCUMFERENCE BREAK,Resolved,RECORD,1,20171004.0
WM09958-C,233,2022,CIRCUMFERENCE BREAK,Resolved,RECORD,1,20101008.0
WM06282-A,234,2022,CIRCUMFERENCE BREAK,Resolved,WORKORDER,0,20201003.0
WM11821-A,235,2022,CONTRACTOR HIT,Resolved,WORKORDER,0,20131121.0
WM05777-P,236,2022,CIRCUMFERENCE BREAK,Resolved,WORKORDER,0,20040910.0
WM08732-C,237,2022,CIRCUMFERENCE BREAK,Resolved,RECORD,1,20120903.0
WM14457-C,238,2022,CONTRACTOR HIT,Resolved,WORKORDER,0,20170119.0
WM09235-C,239,2022,CIRCUMFERENCE BREAK,Resolved,WORKORDER,0,20110818.0
WM02312-A,240,2022,CIRCUMFERENCE BREAK,Resolved,WORKORDER,0,20031028.0
WM09112-C,241,2022,CIRCUMFERENCE BREAK,Resolved,RECORD,1,20161112.0
WM11119-C,242,2022,JOINT FAILURE,Resolved,WORKORDER,0,20120327.0
WM11329-C,243,2022,CIRCUMFERENCE BREAK,Resolved,WORKORDER,0,
WM12594-C,244,2022,JOINT FAILURE,Resolved,WORKORDER,0,20130304.0
WM06367-C,245,2022,CIRCUMFERENCE BREAK,Resolved,WORKORDER,0,
WM03476-C,246,2022,"PINHOLE >1""",Resolved,WORKORDER,0,20170804.0
WM08812-C,247,2022,CIRCUMFERENCE BREAK,Resolved,RECORD,1,
WM08737-C,248,2022,CONTRACTOR HIT,Resolved,WORKORDER,0,20130203.0
WM03583-C,249,2022,CIRCUMFERENCE BREAK,Resolved,WORKORDER,0,20070601.0
WM07408-C,250,2022,UNKNOWN,Resolved,WORKORDER,0,20040313.0
WM01881-A,251,2022,CONTRACTOR HIT,Resolved,WORKORDER,0,20090208.0
WM10377-C,252,2022,CONTRACTOR HIT,Resolved,WORKORDER,0,20091116.0
WM11511-A,253,2022,CIRCUMFERENCE BREAK,Resolved,WORKORDER,0,20011001.0
WM05500-C,254,2022,,Resolved,RECORD,1,20130617.0
WM14626-A,255,2022,CONTRACTOR HIT,Resolved,WORKORDER,0,20180706.0
WM09050-A,256,2022,CIRCUMFERENCE BREAK,Resolved,WORKORDER,0,20140527.0
WM03843-C,257,2022,CIRCUMFERENCE BREAK,Resolved,WORKORDER,0,20120709.0
WM09994-A,258,2022,"PINHOLE <=1""",Resolved,RECORD,1,20200222.0
WM12065-A,259,2022,JOINT FAILURE,Resolved,RECORD,1,20030513.0
WM00118-A,260,2022,CIRCUMFERENCE BREAK,Resolved,WORKORDER,0,20120426.0
WM06341-C,261,2022,"PINHOLE <=1""",Resolved,WORKORDER,0,20020606.0
WM02247-A,262,2022,CIRCUMFERENCE BREAK,Resolved,WORKORDER,0,
WM11921-C,263,2022,CIRCUMFERENCE BREAK,Resolved,RECORD,1,20150609.0
WM10952-C,264,2022,"PINHOLE <=1""",Resolved,WORKORDER,0,20030409.0
WM10531-A,265,2022,CIRCUMFERENCE BREAK,Resolved,RECORD,1,20050912.0
WM11288-C,266,2022,JOINT FAILURE,Resolved,WORKORDER,0,20021009.0
WM09505-C,267,2022,CIRCUMFERENCE BREAK,Resolved,WORKORDER,0,20011002.0
WM09418-C,268,2022,CIRCUMFERENCE BREAK,Resolved,WORKORDER,0,20010726.0
WM11137-C,269,2022,CIRCUMFERENCE BREAK,Resolved,WORKORDER,0,20021118.0
WM13660-A,270,2022,CIRCUMFERENCE BREAK,Resolved,WORKORDER,0,20170714.0
WM10080-C,271,2022,CIRCUMFERENCE BREAK,Resolved,WORKORDER,0,20190318.0
WM14052-C,272,2022,CIRCUMFERENCE BREAK,Resolved,WORKORDER,0,20160704.0
WM11513-A,273,2022,CIRCUMFERENCE BREAK,Resolved,RECORD,1,20130205.0
WM12592-A,274,2022,CIRCUMFERENCE BREAK,Resolved,WORKORDER,0,20141002.0
WM02278-C,275,2022,CIRCUMFERENCE BREAK,Resolved,WORKORDER,0,20171106.0
WM06832-D,276,2022,"PINHOLE >1""",Resolved,WORKORDER,0,
WM01303-A,277,2022,CIRCUMFERENCE BREAK,Resolved,WORKORDER,0,20170521.0
WM07050-C,278,2022,CIRCUMFERENCE BREAK,Resolved,WORKORDER,0,20071228.0
WM04788-A,279,2022,CIRCUMFERENCE BREAK,Resolved,WORKORDER,0,20011218.0
WM04429-A,280,2022,CIRCUMFERENCE BREAK,Resolved,WORKORDER,0,20040625.0
WM08542-A,281,2022,CIRCUMFERENCE BREAK,Resolved,WORKORDER,0,20020809.0
WM09662-A,282,2022,CIRCUMFERENCE BREAK,Resolved,WORKORDER,0,20070419.0
WM07769-C,283,2022,CIRCUMFERENCE BREAK,Resolved,WORKORDER,0,20170220.0
WM00881-A,284,2022,CONTRACTOR HIT,Resolved,WORKORDER,0,20180505.0
WM14773-C,285,2022,"PINHOLE <=1""",Resolved,WORKORDER,0,20200916.0
WM14854-C,286,2022,CIRCUMFERENCE BREAK,Resolved,RECORD,1,20131220.0
WM03853-C,287,2022,CIRCUMFERENCE BREAK,Resolved,RECORD,1,20200403.0
WM04919-C,288,2022,CIRCUMFERENCE BREAK,Resolved,RECORD,1,20011225.0
WM08697-A,289,2022,CIRCUMFERENCE BREAK,Resolved,RECORD,1,
WM04195-C,290,2022,"PINHOLE >1""",Resolved,WORKORDER,0,20020910.0
WM05083-C,291,2022,CIRCUMFERENCE BREAK,Resolved,WORKORDER,0,20130426.0
WM10774-C,292,2022,CIRCUMFERENCE BREAK,Resolved,RECORD,1,20200110.0
WM09107-A,293,2022,CIRCUMFERENCE BREAK,Resolved,WORKORDER,0,20180815.0
WM08265-A,294,2022,CIRCUMFERENCE BREAK,Resolved,RECORD,1,20131127.0
WM08182-C,295,2022,CIRCUMFERENCE BREAK,Resolved,WORKORDER,0,20110610.0
WM03721-C,296,2022,CIRCUMFERENCE BREAK,Resolved,RECORD,1,20020218.0
WM09958-C,297,2022,CIRCUMFERENCE BREAK,Resolved,WORKORDER,0,20170321.0
WM06282-A,298,2022,JOINT FAILURE,Resolved,RECORD,1,20150208.0
WM11821-A,299,2022,CIRCUMFERENCE BREAK,Resolved,RECORD,1,20020821.0
WM02312-A,300,2022,"PINHOLE <=1""",Resolved,WORKORDER,0,20190115.0
WM12594-C,301,2022,CIRCUMFERENCE BREAK,Resolved,RECORD,1,20051210.0
WM06367-C,302,2022,"PINHOLE >1""",Resolved,WORKORDER,0,
WM08737-C,303,2022,"PINHOLE >1""",Resolved,RECORD,1,20050914.0
WM07408-C,304,2022,CIRCUMFERENCE BREAK,Resolved,WORKORDER,0,20140316.0
WM05500-C,305,2022,,Resolved,WORKORDER,0,20031122.0
WM14626-A,306,2022,CIRCUMFERENCE BREAK,Resolved,WORKORDER,0,
WM06341-C,307,2022,CIRCUMFERENCE BREAK,Resolved,WORKORDER,0,20051112.0
WM02247-A,308,2022,CONTRACTOR HIT,Resolved,WORKORDER,0,20100906.0
WM09505-C,309,2022,CIRCUMFERENCE BREAK,Resolved,RECORD,1,20010507.0
WM09418-C,310,2022,CIRCUMFERENCE BREAK,Resolved,WORKORDER,0,
WM11137-C,311,2022,CIRCUMFERENCE BREAK,Resolved,WORKORDER,0,20170901.0
WM10080-C,312,2022,CIRCUMFERENCE BREAK,Resolved,WORKORDER,0,20070417.0
WM14052-C,313,2022,CIRCUMFERENCE BREAK,Resolved,WORKORDER,0,20120419.0
WM06832-D,314,2022,CIRCUMFERENCE BREAK,Resolved,WORKORDER,0,20070110.0
WM07050-C,315,2022,CIRCUMFERENCE BREAK,Resolved,WORKORDER,0,20181118.0
WM04788-A,316,2022,"PINHOLE >1""",Resolved,RECORD,1,20150612.0
WM08542-A,317,2022,CIRCUMFERENCE BREAK,Resolved,RECORD,1,20210521.0
WM07769-C,318,2022,CIRCUMFERENCE BREAK,Resolved,WORKORDER,0,20180613.0
WM03853-C,319,2022,CIRCUMFERENCE BREAK,Resolved,WORKORDER,0,20111018.0
WM04919-C,320,2022,JOINT FAILURE,Resolved,WORKORDER,0,
WM11821-A,321,2022,CONTRACTOR HIT,Resolved,RECORD,1,20040905.0
WM06367-C,322,2022,,Resolved,WORKORDER,0,20210420.0
WM08737-C,323,2022,CIRCUMFERENCE BREAK,Resolved,WORKORDER,0,20171006.0
WM06341-C,324,2022,JOINT FAILURE,Resolved,WORKORDER,0,20101123.0
WM09505-C,325,2022,JOINT FAILURE,Resolved,RECORD,1,20200417.0
WM09418-C,326,2022,CIRCUMFERENCE BREAK,Resolved,WORKORDER,0,20210723.0
WM11137-C,327,2022,UNKNOWN,Resolved,WORKORDER,0,20181104.0
WM10080-C,328,2022,CIRCUMFERENCE BREAK,Resolved,RECORD,1,20110104.0
WM08542-A,329,2022,CIRCUMFERENCE BREAK,Resolved,WORKORDER,0,20141003.0
WM11821-A,330,2022,CIRCUMFERENCE BREAK,Resolved,WORKORDER,0,20150610.0
WM06341-C,331,2022,CIRCUMFERENCE BREAK,Resolved,WORKORDER,0,20160302.0
WM09505-C,332,2022,CIRCUMFERENCE BREAK,Resolved,RECORD,1,20110906.0
WM11137-C,333,2022,JOINT FAILURE,Resolved,RECORD,1,20150226.0
WM10080-C,334,2022,CIRCUMFERENCE BREAK,Resolved,WORKORDER,0,20150101.0
WM11821-A,335,2022,,Resolved,WORKORDER,0,20140504.0
WM09505-C,336,2022,CIRCUMFERENCE BREAK,Resolved,RECORD,1,20020210.0
WM11821-A,337,2022,CIRCUMFERENCE BREAK,Resolved,WORKORDER,0,20191017.0
WM11821-A,338,2022,"PINHOLE <=1""",Resolved,RECORD,1,20141017.0
WM11821-A,339,2022,CIRCUMFERENCE BREAK,Resolved,WORKORDER,0,20100119.0
